,Monthly Admissions,Bed Occupancy,ICU Admissions,Length of Stay
Monthly Admissions,1.0,-0.1801631780263381,-0.4515117003643474,0.16449331064095343
Bed Occupancy,-0.1801631780263381,1.0,0.06005613634191212,0.044567566746532686
ICU Admissions,-0.4515117003643474,0.06005613634191212,1.0,0.022869354393987833
Length of Stay,0.16449331064095343,0.044567566746532686,0.022869354393987833,1.0
